Strategy,Perplexity,Self-BLEU,Repetition (%),Zipf Coefficient
Beam Search (b=4),1.7100403308868408,1.0,97.93103448275862,0.5110251711894981
Pure Sampling,2.8511242866516113,0.29698875074574926,20.477815699658702,0.6267085376503106
Temperature (t=0.9),2.432157039642334,0.39216492755036797,34.11371237458194,0.7298282931279565
Top-k (k=640),2.9475173950195312,0.2410214245551917,20.714285714285715,0.6439949689289403
"Top-k with Temperature (k=40, t=0.7)",2.375762701034546,0.36288734204454276,27.586206896551722,0.6752266616296395
Nucleus Sampling (p=0.95),2.625412702560425,0.3475462271303034,26.855123674911663,0.6350096294687497
